<?xml version="1.0" encoding="UTF-8"?><?xml-stylesheet type='text/xsl' href='_UpgradeReport_Files/UpgradeReport.xslt'?><UpgradeLog>
<Properties><Property Name="Solution" Value="Library">
</Property><Property Name="解决方案文件" Value="C:\Users\majianjie\Desktop\java下载\C#-图书管理系统（带数据库）\Library.sln">
</Property><Property Name="用户选项文件" Value="C:\Users\majianjie\Desktop\java下载\C#-图书管理系统（带数据库）\Library.suo">
</Property><Property Name="Date" Value="2013年11月24日">
</Property><Property Name="Time" Value="17:27">
</Property><Property Name="日志号" Value="2">
</Property></Properties><Event ErrorLevel="0" Project="" Source="Library.sln" Description="文件已成功备份为 C:\Users\majianjie\Desktop\java下载\C#-图书管理系统（带数据库）\Backup\Library.sln">
</Event><Event ErrorLevel="0" Project="" Source="Library.suo" Description="文件已成功备份为 C:\Users\majianjie\Desktop\java下载\C#-图书管理系统（带数据库）\Backup\Library.suo">
</Event><Event ErrorLevel="0" Project="Library" Source="Library\Library.csproj" Description="项目文件已成功备份为 C:\Users\majianjie\Desktop\java下载\C#-图书管理系统（带数据库）\Backup\Library\Library.csproj">
</Event><Event ErrorLevel="0" Project="Library" Source="Library\fBackup.cs" Description="文件已成功备份为 C:\Users\majianjie\Desktop\java下载\C#-图书管理系统（带数据库）\Backup\Library\fBackup.cs">
</Event><Event ErrorLevel="0" Project="Library" Source="Library\fBackup.Designer.cs" Description="文件已成功备份为 C:\Users\majianjie\Desktop\java下载\C#-图书管理系统（带数据库）\Backup\Library\fBackup.Designer.cs">
</Event><Event ErrorLevel="0" Project="Library" Source="Library\fBook.cs" Description="文件已成功备份为 C:\Users\majianjie\Desktop\java下载\C#-图书管理系统（带数据库）\Backup\Library\fBook.cs">
</Event><Event ErrorLevel="0" Project="Library" Source="Library\fBook.designer.cs" Description="文件已成功备份为 C:\Users\majianjie\Desktop\java下载\C#-图书管理系统（带数据库）\Backup\Library\fBook.designer.cs">
</Event><Event ErrorLevel="0" Project="Library" Source="Library\fBookBorrow.cs" Description="文件已成功备份为 C:\Users\majianjie\Desktop\java下载\C#-图书管理系统（带数据库）\Backup\Library\fBookBorrow.cs">
</Event><Event ErrorLevel="0" Project="Library" Source="Library\fBookBorrow.designer.cs" Description="文件已成功备份为 C:\Users\majianjie\Desktop\java下载\C#-图书管理系统（带数据库）\Backup\Library\fBookBorrow.designer.cs">
</Event><Event ErrorLevel="0" Project="Library" Source="Library\fBookClassify.cs" Description="文件已成功备份为 C:\Users\majianjie\Desktop\java下载\C#-图书管理系统（带数据库）\Backup\Library\fBookClassify.cs">
</Event><Event ErrorLevel="0" Project="Library" Source="Library\fBookClassify.designer.cs" Description="文件已成功备份为 C:\Users\majianjie\Desktop\java下载\C#-图书管理系统（带数据库）\Backup\Library\fBookClassify.designer.cs">
</Event><Event ErrorLevel="0" Project="Library" Source="Library\fBookDetail.cs" Description="文件已成功备份为 C:\Users\majianjie\Desktop\java下载\C#-图书管理系统（带数据库）\Backup\Library\fBookDetail.cs">
</Event><Event ErrorLevel="0" Project="Library" Source="Library\fBookDetail.designer.cs" Description="文件已成功备份为 C:\Users\majianjie\Desktop\java下载\C#-图书管理系统（带数据库）\Backup\Library\fBookDetail.designer.cs">
</Event><Event ErrorLevel="0" Project="Library" Source="Library\fBookReturn.cs" Description="文件已成功备份为 C:\Users\majianjie\Desktop\java下载\C#-图书管理系统（带数据库）\Backup\Library\fBookReturn.cs">
</Event><Event ErrorLevel="0" Project="Library" Source="Library\fBookReturn.designer.cs" Description="文件已成功备份为 C:\Users\majianjie\Desktop\java下载\C#-图书管理系统（带数据库）\Backup\Library\fBookReturn.designer.cs">
</Event><Event ErrorLevel="0" Project="Library" Source="Library\fbooksearch.cs" Description="文件已成功备份为 C:\Users\majianjie\Desktop\java下载\C#-图书管理系统（带数据库）\Backup\Library\fbooksearch.cs">
</Event><Event ErrorLevel="0" Project="Library" Source="Library\fbooksearch.designer.cs" Description="文件已成功备份为 C:\Users\majianjie\Desktop\java下载\C#-图书管理系统（带数据库）\Backup\Library\fbooksearch.designer.cs">
</Event><Event ErrorLevel="0" Project="Library" Source="Library\fBorrowList.cs" Description="文件已成功备份为 C:\Users\majianjie\Desktop\java下载\C#-图书管理系统（带数据库）\Backup\Library\fBorrowList.cs">
</Event><Event ErrorLevel="0" Project="Library" Source="Library\fBorrowList.designer.cs" Description="文件已成功备份为 C:\Users\majianjie\Desktop\java下载\C#-图书管理系统（带数据库）\Backup\Library\fBorrowList.designer.cs">
</Event><Event ErrorLevel="0" Project="Library" Source="Library\fCardLost.cs" Description="文件已成功备份为 C:\Users\majianjie\Desktop\java下载\C#-图书管理系统（带数据库）\Backup\Library\fCardLost.cs">
</Event><Event ErrorLevel="0" Project="Library" Source="Library\fCardLost.designer.cs" Description="文件已成功备份为 C:\Users\majianjie\Desktop\java下载\C#-图书管理系统（带数据库）\Backup\Library\fCardLost.designer.cs">
</Event><Event ErrorLevel="0" Project="Library" Source="Library\fDate.cs" Description="文件已成功备份为 C:\Users\majianjie\Desktop\java下载\C#-图书管理系统（带数据库）\Backup\Library\fDate.cs">
</Event><Event ErrorLevel="0" Project="Library" Source="Library\fDate.designer.cs" Description="文件已成功备份为 C:\Users\majianjie\Desktop\java下载\C#-图书管理系统（带数据库）\Backup\Library\fDate.designer.cs">
</Event><Event ErrorLevel="0" Project="Library" Source="Library\fFine.cs" Description="文件已成功备份为 C:\Users\majianjie\Desktop\java下载\C#-图书管理系统（带数据库）\Backup\Library\fFine.cs">
</Event><Event ErrorLevel="0" Project="Library" Source="Library\fFine.designer.cs" Description="文件已成功备份为 C:\Users\majianjie\Desktop\java下载\C#-图书管理系统（带数据库）\Backup\Library\fFine.designer.cs">
</Event><Event ErrorLevel="0" Project="Library" Source="Library\fLogin1.cs" Description="文件已成功备份为 C:\Users\majianjie\Desktop\java下载\C#-图书管理系统（带数据库）\Backup\Library\fLogin1.cs">
</Event><Event ErrorLevel="0" Project="Library" Source="Library\fLogin1.Designer.cs" Description="文件已成功备份为 C:\Users\majianjie\Desktop\java下载\C#-图书管理系统（带数据库）\Backup\Library\fLogin1.Designer.cs">
</Event><Event ErrorLevel="0" Project="Library" Source="Library\fLogin2.cs" Description="文件已成功备份为 C:\Users\majianjie\Desktop\java下载\C#-图书管理系统（带数据库）\Backup\Library\fLogin2.cs">
</Event><Event ErrorLevel="0" Project="Library" Source="Library\fLogin2.designer.cs" Description="文件已成功备份为 C:\Users\majianjie\Desktop\java下载\C#-图书管理系统（带数据库）\Backup\Library\fLogin2.designer.cs">
</Event><Event ErrorLevel="0" Project="Library" Source="Library\fMain1.cs" Description="文件已成功备份为 C:\Users\majianjie\Desktop\java下载\C#-图书管理系统（带数据库）\Backup\Library\fMain1.cs">
</Event><Event ErrorLevel="0" Project="Library" Source="Library\fMain1.Designer.cs" Description="文件已成功备份为 C:\Users\majianjie\Desktop\java下载\C#-图书管理系统（带数据库）\Backup\Library\fMain1.Designer.cs">
</Event><Event ErrorLevel="0" Project="Library" Source="Library\fMain2.cs" Description="文件已成功备份为 C:\Users\majianjie\Desktop\java下载\C#-图书管理系统（带数据库）\Backup\Library\fMain2.cs">
</Event><Event ErrorLevel="0" Project="Library" Source="Library\fMain2.Designer.cs" Description="文件已成功备份为 C:\Users\majianjie\Desktop\java下载\C#-图书管理系统（带数据库）\Backup\Library\fMain2.Designer.cs">
</Event><Event ErrorLevel="0" Project="Library" Source="Library\fPassword.cs" Description="文件已成功备份为 C:\Users\majianjie\Desktop\java下载\C#-图书管理系统（带数据库）\Backup\Library\fPassword.cs">
</Event><Event ErrorLevel="0" Project="Library" Source="Library\fPassword.designer.cs" Description="文件已成功备份为 C:\Users\majianjie\Desktop\java下载\C#-图书管理系统（带数据库）\Backup\Library\fPassword.designer.cs">
</Event><Event ErrorLevel="0" Project="Library" Source="Library\fReaderClassify.cs" Description="文件已成功备份为 C:\Users\majianjie\Desktop\java下载\C#-图书管理系统（带数据库）\Backup\Library\fReaderClassify.cs">
</Event><Event ErrorLevel="0" Project="Library" Source="Library\fReaderClassify.designer.cs" Description="文件已成功备份为 C:\Users\majianjie\Desktop\java下载\C#-图书管理系统（带数据库）\Backup\Library\fReaderClassify.designer.cs">
</Event><Event ErrorLevel="0" Project="Library" Source="Library\fReaderDetail.cs" Description="文件已成功备份为 C:\Users\majianjie\Desktop\java下载\C#-图书管理系统（带数据库）\Backup\Library\fReaderDetail.cs">
</Event><Event ErrorLevel="0" Project="Library" Source="Library\fReaderDetail.designer.cs" Description="文件已成功备份为 C:\Users\majianjie\Desktop\java下载\C#-图书管理系统（带数据库）\Backup\Library\fReaderDetail.designer.cs">
</Event><Event ErrorLevel="0" Project="Library" Source="Library\fReaderManage.cs" Description="文件已成功备份为 C:\Users\majianjie\Desktop\java下载\C#-图书管理系统（带数据库）\Backup\Library\fReaderManage.cs">
</Event><Event ErrorLevel="0" Project="Library" Source="Library\fReaderManage.designer.cs" Description="文件已成功备份为 C:\Users\majianjie\Desktop\java下载\C#-图书管理系统（带数据库）\Backup\Library\fReaderManage.designer.cs">
</Event><Event ErrorLevel="0" Project="Library" Source="Library\fReaderSearch.cs" Description="文件已成功备份为 C:\Users\majianjie\Desktop\java下载\C#-图书管理系统（带数据库）\Backup\Library\fReaderSearch.cs">
</Event><Event ErrorLevel="0" Project="Library" Source="Library\fReaderSearch.designer.cs" Description="文件已成功备份为 C:\Users\majianjie\Desktop\java下载\C#-图书管理系统（带数据库）\Backup\Library\fReaderSearch.designer.cs">
</Event><Event ErrorLevel="0" Project="Library" Source="Library\Library.cs" Description="文件已成功备份为 C:\Users\majianjie\Desktop\java下载\C#-图书管理系统（带数据库）\Backup\Library\Library.cs">
</Event><Event ErrorLevel="0" Project="Library" Source="Library\Program.cs" Description="文件已成功备份为 C:\Users\majianjie\Desktop\java下载\C#-图书管理系统（带数据库）\Backup\Library\Program.cs">
</Event><Event ErrorLevel="0" Project="Library" Source="Library\Properties\AssemblyInfo.cs" Description="文件已成功备份为 C:\Users\majianjie\Desktop\java下载\C#-图书管理系统（带数据库）\Backup\Library\Properties\AssemblyInfo.cs">
</Event><Event ErrorLevel="0" Project="Library" Source="Library\Properties\Resources.Designer.cs" Description="文件已成功备份为 C:\Users\majianjie\Desktop\java下载\C#-图书管理系统（带数据库）\Backup\Library\Properties\Resources.Designer.cs">
</Event><Event ErrorLevel="0" Project="Library" Source="Library\Properties\Settings.Designer.cs" Description="文件已成功备份为 C:\Users\majianjie\Desktop\java下载\C#-图书管理系统（带数据库）\Backup\Library\Properties\Settings.Designer.cs">
</Event><Event ErrorLevel="0" Project="Library" Source="Library\Properties\Settings.settings" Description="文件已成功备份为 C:\Users\majianjie\Desktop\java下载\C#-图书管理系统（带数据库）\Backup\Library\Properties\Settings.settings">
</Event><Event ErrorLevel="0" Project="Library" Source="Library\Resources\Water lilies.jpg" Description="文件已成功备份为 C:\Users\majianjie\Desktop\java下载\C#-图书管理系统（带数据库）\Backup\Library\Resources\Water lilies.jpg">
</Event><Event ErrorLevel="0" Project="Library" Source="Library\Resources\098.GIF" Description="文件已成功备份为 C:\Users\majianjie\Desktop\java下载\C#-图书管理系统（带数据库）\Backup\Library\Resources\098.GIF">
</Event><Event ErrorLevel="0" Project="Library" Source="Library\Resources\195.GIF" Description="文件已成功备份为 C:\Users\majianjie\Desktop\java下载\C#-图书管理系统（带数据库）\Backup\Library\Resources\195.GIF">
</Event><Event ErrorLevel="0" Project="Library" Source="Library\Resources\257.GIF" Description="文件已成功备份为 C:\Users\majianjie\Desktop\java下载\C#-图书管理系统（带数据库）\Backup\Library\Resources\257.GIF">
</Event><Event ErrorLevel="0" Project="Library" Source="Library\Resources\095.GIF" Description="文件已成功备份为 C:\Users\majianjie\Desktop\java下载\C#-图书管理系统（带数据库）\Backup\Library\Resources\095.GIF">
</Event><Event ErrorLevel="0" Project="Library" Source="Library\Resources\134.GIF" Description="文件已成功备份为 C:\Users\majianjie\Desktop\java下载\C#-图书管理系统（带数据库）\Backup\Library\Resources\134.GIF">
</Event><Event ErrorLevel="0" Project="Library" Source="Library\Resources\00.gif" Description="文件已成功备份为 C:\Users\majianjie\Desktop\java下载\C#-图书管理系统（带数据库）\Backup\Library\Resources\00.gif">
</Event><Event ErrorLevel="0" Project="Library" Source="Library\Resources\236.GIF" Description="文件已成功备份为 C:\Users\majianjie\Desktop\java下载\C#-图书管理系统（带数据库）\Backup\Library\Resources\236.GIF">
</Event><Event ErrorLevel="0" Project="Library" Source="Library\Resources\059.GIF" Description="文件已成功备份为 C:\Users\majianjie\Desktop\java下载\C#-图书管理系统（带数据库）\Backup\Library\Resources\059.GIF">
</Event><Event ErrorLevel="0" Project="Library" Source="Library\Resources\270.GIF" Description="文件已成功备份为 C:\Users\majianjie\Desktop\java下载\C#-图书管理系统（带数据库）\Backup\Library\Resources\270.GIF">
</Event><Event ErrorLevel="0" Project="Library" Source="Library\Resources\089.GIF" Description="文件已成功备份为 C:\Users\majianjie\Desktop\java下载\C#-图书管理系统（带数据库）\Backup\Library\Resources\089.GIF">
</Event><Event ErrorLevel="0" Project="Library" Source="Library\Resources\137.GIF" Description="文件已成功备份为 C:\Users\majianjie\Desktop\java下载\C#-图书管理系统（带数据库）\Backup\Library\Resources\137.GIF">
</Event><Event ErrorLevel="0" Project="Library" Source="Library\Resources\31.gif" Description="文件已成功备份为 C:\Users\majianjie\Desktop\java下载\C#-图书管理系统（带数据库）\Backup\Library\Resources\31.gif">
</Event><Event ErrorLevel="0" Project="Library" Source="Library\Resources\119.GIF" Description="文件已成功备份为 C:\Users\majianjie\Desktop\java下载\C#-图书管理系统（带数据库）\Backup\Library\Resources\119.GIF">
</Event><Event ErrorLevel="0" Project="Library" Source="Library\Resources\116.GIF" Description="文件已成功备份为 C:\Users\majianjie\Desktop\java下载\C#-图书管理系统（带数据库）\Backup\Library\Resources\116.GIF">
</Event><Event ErrorLevel="0" Project="Library" Source="Library\Resources\084.GIF" Description="文件已成功备份为 C:\Users\majianjie\Desktop\java下载\C#-图书管理系统（带数据库）\Backup\Library\Resources\084.GIF">
</Event><Event ErrorLevel="0" Project="Library" Source="Library\Resources\excel.ico" Description="文件已成功备份为 C:\Users\majianjie\Desktop\java下载\C#-图书管理系统（带数据库）\Backup\Library\Resources\excel.ico">
</Event><Event ErrorLevel="0" Project="Library" Source="Library\Resources\W95MBX01.ICO" Description="文件已成功备份为 C:\Users\majianjie\Desktop\java下载\C#-图书管理系统（带数据库）\Backup\Library\Resources\W95MBX01.ICO">
</Event><Event ErrorLevel="0" Project="Library" Source="Library\Resources\233.GIF" Description="文件已成功备份为 C:\Users\majianjie\Desktop\java下载\C#-图书管理系统（带数据库）\Backup\Library\Resources\233.GIF">
</Event><Event ErrorLevel="0" Project="Library" Source="Library\Resources\063.GIF" Description="文件已成功备份为 C:\Users\majianjie\Desktop\java下载\C#-图书管理系统（带数据库）\Backup\Library\Resources\063.GIF">
</Event><Event ErrorLevel="0" Project="Library" Source="Library\Resources\145.GIF" Description="文件已成功备份为 C:\Users\majianjie\Desktop\java下载\C#-图书管理系统（带数据库）\Backup\Library\Resources\145.GIF">
</Event><Event ErrorLevel="0" Project="Library" Source="Library\fBackup.resx" Description="文件已成功备份为 C:\Users\majianjie\Desktop\java下载\C#-图书管理系统（带数据库）\Backup\Library\fBackup.resx">
</Event><Event ErrorLevel="0" Project="Library" Source="Library\fBook.resx" Description="文件已成功备份为 C:\Users\majianjie\Desktop\java下载\C#-图书管理系统（带数据库）\Backup\Library\fBook.resx">
</Event><Event ErrorLevel="0" Project="Library" Source="Library\fBookBorrow.resx" Description="文件已成功备份为 C:\Users\majianjie\Desktop\java下载\C#-图书管理系统（带数据库）\Backup\Library\fBookBorrow.resx">
</Event><Event ErrorLevel="0" Project="Library" Source="Library\fBookClassify.resx" Description="文件已成功备份为 C:\Users\majianjie\Desktop\java下载\C#-图书管理系统（带数据库）\Backup\Library\fBookClassify.resx">
</Event><Event ErrorLevel="0" Project="Library" Source="Library\fBookDetail.resx" Description="文件已成功备份为 C:\Users\majianjie\Desktop\java下载\C#-图书管理系统（带数据库）\Backup\Library\fBookDetail.resx">
</Event><Event ErrorLevel="0" Project="Library" Source="Library\fBookReturn.resx" Description="文件已成功备份为 C:\Users\majianjie\Desktop\java下载\C#-图书管理系统（带数据库）\Backup\Library\fBookReturn.resx">
</Event><Event ErrorLevel="0" Project="Library" Source="Library\fbooksearch.resx" Description="文件已成功备份为 C:\Users\majianjie\Desktop\java下载\C#-图书管理系统（带数据库）\Backup\Library\fbooksearch.resx">
</Event><Event ErrorLevel="0" Project="Library" Source="Library\fBorrowList.resx" Description="文件已成功备份为 C:\Users\majianjie\Desktop\java下载\C#-图书管理系统（带数据库）\Backup\Library\fBorrowList.resx">
</Event><Event ErrorLevel="0" Project="Library" Source="Library\fCardLost.resx" Description="文件已成功备份为 C:\Users\majianjie\Desktop\java下载\C#-图书管理系统（带数据库）\Backup\Library\fCardLost.resx">
</Event><Event ErrorLevel="0" Project="Library" Source="Library\fDate.resx" Description="文件已成功备份为 C:\Users\majianjie\Desktop\java下载\C#-图书管理系统（带数据库）\Backup\Library\fDate.resx">
</Event><Event ErrorLevel="0" Project="Library" Source="Library\fFine.resx" Description="文件已成功备份为 C:\Users\majianjie\Desktop\java下载\C#-图书管理系统（带数据库）\Backup\Library\fFine.resx">
</Event><Event ErrorLevel="0" Project="Library" Source="Library\fLogin1.resx" Description="文件已成功备份为 C:\Users\majianjie\Desktop\java下载\C#-图书管理系统（带数据库）\Backup\Library\fLogin1.resx">
</Event><Event ErrorLevel="0" Project="Library" Source="Library\fLogin2.resx" Description="文件已成功备份为 C:\Users\majianjie\Desktop\java下载\C#-图书管理系统（带数据库）\Backup\Library\fLogin2.resx">
</Event><Event ErrorLevel="0" Project="Library" Source="Library\fMain1.resx" Description="文件已成功备份为 C:\Users\majianjie\Desktop\java下载\C#-图书管理系统（带数据库）\Backup\Library\fMain1.resx">
</Event><Event ErrorLevel="0" Project="Library" Source="Library\fMain2.resx" Description="文件已成功备份为 C:\Users\majianjie\Desktop\java下载\C#-图书管理系统（带数据库）\Backup\Library\fMain2.resx">
</Event><Event ErrorLevel="0" Project="Library" Source="Library\fPassword.resx" Description="文件已成功备份为 C:\Users\majianjie\Desktop\java下载\C#-图书管理系统（带数据库）\Backup\Library\fPassword.resx">
</Event><Event ErrorLevel="0" Project="Library" Source="Library\fReaderClassify.resx" Description="文件已成功备份为 C:\Users\majianjie\Desktop\java下载\C#-图书管理系统（带数据库）\Backup\Library\fReaderClassify.resx">
</Event><Event ErrorLevel="0" Project="Library" Source="Library\fReaderDetail.resx" Description="文件已成功备份为 C:\Users\majianjie\Desktop\java下载\C#-图书管理系统（带数据库）\Backup\Library\fReaderDetail.resx">
</Event><Event ErrorLevel="0" Project="Library" Source="Library\fReaderManage.resx" Description="文件已成功备份为 C:\Users\majianjie\Desktop\java下载\C#-图书管理系统（带数据库）\Backup\Library\fReaderManage.resx">
</Event><Event ErrorLevel="0" Project="Library" Source="Library\fReaderSearch.resx" Description="文件已成功备份为 C:\Users\majianjie\Desktop\java下载\C#-图书管理系统（带数据库）\Backup\Library\fReaderSearch.resx">
</Event><Event ErrorLevel="0" Project="Library" Source="Library\Properties\Resources.resx" Description="文件已成功备份为 C:\Users\majianjie\Desktop\java下载\C#-图书管理系统（带数据库）\Backup\Library\Properties\Resources.resx">
</Event><Event ErrorLevel="1" Project="Library" Source="Library\Library.csproj" Description="您的项目以 .NET Framework 2.0 或 3.0 为目标。如果您的项目使用的程序集需要更新的 .NET Framework，则项目生成将失败。通过单击项目菜单上的“属性”，然后在“.NET Framework”下拉框中选择一个新版本，可以更改 .NET Framework 的版本。(在 Visual Basic 中，可在单击“高级编辑器选项...”按钮时显示的“编译”选项卡上找到此下拉框。)">
</Event><Event ErrorLevel="0" Project="Library" Source="Library\Library.csproj" Description="项目已成功转换">
</Event><Event ErrorLevel="3" Project="Library" Source="Library\Library.csproj" Description="Converted">
</Event><Event ErrorLevel="0" Project="" Source="Library.sln" Description="解决方案文件不需要转换。">
</Event><Event ErrorLevel="3" Project="" Source="Library.sln" Description="无需转换">
</Event><Event ErrorLevel="0" Project="Library" Source="Library\Library.csproj" Description="扫描完成: 项目文件不需要升级。">
</Event></UpgradeLog>