<?xml version="1.0" encoding="UTF-8"?><?xml-stylesheet type='text/xsl' href='_UpgradeReport_Files/UpgradeReport.xslt'?><UpgradeLog>
<Properties><Property Name="Solution" Value="Library">
</Property><Property Name="解决方案文件" Value="D:\TDDOWNLOAD\C#-图书管理系统(ME)\Library.sln">
</Property><Property Name="Date" Value="2010年10月28日">
</Property><Property Name="Time" Value="20:45">
</Property></Properties><Event ErrorLevel="0" Project="Library" Source="Library\Library.csproj" Description="项目已成功转换">
</Event><Event ErrorLevel="3" Project="Library" Source="Library\Library.csproj" Description="Converted">
</Event><Event ErrorLevel="0" Project="" Source="Library.sln" Description="成功转换解决方案">
</Event><Event ErrorLevel="3" Project="" Source="Library.sln" Description="Converted">
</Event><Event ErrorLevel="0" Project="Library" Source="Library\Library.csproj" Description="扫描完成: 项目文件不需要升级。">
</Event></UpgradeLog>